Entity,Code,Year,Deaths in ongoing conflicts (best estimate) - Conflict type: state-based,Deaths in ongoing conflicts (low estimate) - Conflict type: state-based,Deaths in ongoing conflicts (high estimate) - Conflict type: state-based
World,OWID_WRL,1990,80230,77035,97695
World,OWID_WRL,2000,78385,76191,91177
World,OWID_WRL,2010,21087,20117,27869
World,OWID_WRL,2022,204009,177546,303706
World,OWID_WRL,1946,296386,51238,474722
World,OWID_WRL,1950,550676,352168,919791
World,OWID_WRL,1960,64873,50670,286311
World,OWID_WRL,1970,208784,156581,607165
World,OWID_WRL,1980,125492,72308,248887
