Entity,Code,Year,Nutrient nitrogen N (total) | 00003102 || Use per area of cropland | 005159 || Kilograms per hectare,Nutrient phosphate P2O5 (total) | 00003103 || Use per area of cropland | 005159 || Kilograms per hectare,Nutrient potash K2O (total) | 00003104 || Use per area of cropland | 005159 || Kilograms per hectare
Argentina,ARG,2020,41.55,25.77,1.43
Czechia,CZE,2020,112.63,18.72,10.01
French Polynesia,PYF,2020,11.24,5.74,7.24
Low Income Food Deficit Countries (FAO),,2020,67.12,29.55,12.11
Malawi,MWI,2020,20.34,5.63,4.9
Mali,MLI,2020,23.96,7.2,5.22
Oceania (FAO),,2020,42.87,29.76,9.48
Saudi Arabia,SAU,2020,49.56,25.86,8.18
South Africa,ZAF,2020,30.69,20.05,10.63
